2002,2012
Tariq Abdul-Wahad,Quincy Acy
Shareef Abdur-Rahim,Jeff Adrien
Courtney Alexander,Arron Afflalo
Malik Allen,Josh Akognon
Ray Allen,Cole Aldrich
Rafer Alston,LaMarcus Aldridge
John Amaechi,Lavoy Allen
Chris Andersen,Ray Allen
Derek Anderson,Tony Allen
Kenny Anderson,Al-Farouq Aminu
Shandon Anderson,Lou Amundson
Robert Archibald,Chris Andersen
Gilbert Arenas,Alan Anderson
Brandon Armstrong,James Anderson
Darrell Armstrong,Ryan Anderson
Carlos Arroyo,Carmelo Anthony
Chucky Atkins,Joel Anthony
Stacey Augmon,Trevor Ariza
Dalibor Bagaric,Darrell Arthur
Vin Baker,Omer Asik
Brent Barry,D.J. Augustin
Jon Barry,Gustavo Ayon
Maceo Baston,Jeff Ayres
Mike Batiste,Luke Babbitt
Tony Battie,Leandro Barbosa
Shane Battier,J.J. Barea
Lonny Baxter,Andrea Bargnani
Raja Bell,Harrison Barnes
Jonathan Bender,Matt Barnes
Corey Benjamin,Earl Barron
Travis Best,Will Barton
Mike Bibby,Brandon Bass
Chauncey Billups,Shane Battier
Corie Blount,Nicolas Batum
Mark Blount,Jerryd Bayless
Calvin Booth,Aron Baynes
Carlos Boozer,Kent Bazemore
Ruben Boumtje-Boumtje,Bradley Beal
Bruce Bowen,Michael Beasley
Ryan Bowen,Rodrigue Beaubois
Earl Boykins,Marco Belinelli
Michael Bradley,Patrick Beverley
Shawn Bradley,Andris Biedrins
Elton Brand,Chauncey Billups
J.R. Bremer,Bismack Biyombo
Jamison Brewer,DeJuan Blair
Primoz Brezec,Steve Blake
Damone Brown,Andray Blatche
Devin Brown,Eric Bledsoe
Kedrick Brown,Keith Bogans
Kwame Brown,Andrew Bogut
P.J. Brown,Matt Bonner
Randy Brown,Trevor Booker
Tierre Brown,Carlos Boozer
Rick Brunson,Chris Bosh
Kobe Bryant,Avery Bradley
Mark Bryant,Elton Brand
Greg Buckner,Corey Brewer
Pat Burke,Ronnie Brewer
Caron Butler,Aaron Brooks
Rasual Butler,MarShon Brooks
Jason Caffey,Kwame Brown
Marcus Camby,Shannon Brown
Elden Campbell,Kobe Bryant
Brian Cardinal,Chase Budinger
Anthony Carter,Alec Burks
Vince Carter,Caron Butler
Sam Cassell,Jimmy Butler
Kelvin Cato,Will Bynum
Tyson Chandler,Jose Calderon
Calbert Cheaney,Marcus Camby
Chris Childs,DeMarre Carroll
Doug Christie,Matt Carroll
Keon Clark,Vince Carter
Speedy Claxton,Omri Casspi
Mateen Cleaves,Mario Chalmers
Derrick Coleman,Tyson Chandler
Bimbo Coles,Wilson Chandler
Jason Collier,Josh Childress
Jarron Collins,Earl Clark
Jason Collins,Victor Claver
Chris Crawford,Norris Cole
Jamal Crawford,Jason Collins
Austin Croshere,Darren Collison
John Crotty,Nick Collison
Eddy Curry,Mike Conley
Michael Curry,Will Conroy
Erick Dampier,Daequan Cook
Antonio Daniels,Chris Copeland
Antonio Davis,DeMarcus Cousins
Baron Davis,Jamal Crawford
Dale Davis,Jordan Crawford
Emanual Davis,Jae Crowder
Hubert Davis,Dante Cunningham
Ricky Davis,Jared Cunningham
Andrew DeClercq,Eddy Curry
Tony Delk,Stephen Curry
Dan Dickau,Samuel Dalembert
Michael Dickerson,Marquis Daniels
DeSagana Diop,Anthony Davis
Vlade Divac,Ed Davis
Juan Dixon,Glen Davis
Michael Doleac,Austin Daye
Keyon Dooling,Nando De Colo
Bryce Drew,Carlos Delfino
Peja Drobnjak,Luol Deng
Chris Dudley,Justin Dentmon
Tim Duncan,DeMar DeRozan
Mike Dunleavy,Boris Diaw
Howard Eisley,DeSagana Diop
LaPhonso Ellis,Keyon Dooling
Melvin Ely,Toney Douglas
Evan Eschmeyer,Chris Douglas-Roberts
Reggie Evans,Goran Dragic
Danny Ferry,Andre Drummond
Michael Finley,Jared Dudley
Derek Fisher,Chris Duhon
Marcus Fizer,Tim Duncan
Alton Ford,Mike Dunleavy
Joseph Forte,Kevin Durant
Danny Fortson,Devin Ebanks
Greg Foster,Wayne Ellington
Jeff Foster,Monta Ellis
Tremaine Fowlkes,Kim English
Rick Fox,Jeremy Evans
Adonal Foyle,Reggie Evans
Steve Francis,Tyreke Evans
Lawrence Funderburke,Festus Ezeli
Dan Gadzuric,Kenneth Faried
Kevin Garnett,Derrick Favors
Pat Garrity,Raymond Felton
Pau Gasol,Landry Fields
Devean George,Derek Fisher
Kendall Gill,Evan Fournier
Manu Ginobili,Randy Foye
Gordan Giricek,Jimmer Fredette
Dion Glover,Enes Freedom
Anthony Goldwire,Joel Freeland
Drew Gooden,Danilo Gallinari
Brian Grant,Francisco Garcia
Horace Grant,Kevin Garnett
Adrian Griffin,Diante Garrett
Eddie Griffin,Marc Gasol
Tom Gugliotta,Pau Gasol
A.J. Guyton,Rudy Gay
Marcus Haislip,Alonzo Gee
Darvin Ham,Mickael Gelabale
Richard Hamilton,Paul George
Zendon Hamilton,Daniel Gibson
Penny Hardaway,Taj Gibson
Tim Hardaway,Manu Ginobili
Matt Harpring,Drew Gooden
Adam Harrington,Ben Gordon
Al Harrington,Eric Gordon
Junior Harrington,Marcin Gortat
Othella Harrington,Andrew Goudelock
Lucious Harris,Danny Granger
Antonio Harvey,Aaron Gray
Donnell Harvey,Danny Green
Trenton Hassell,Draymond Green
Kirk Haston,Gerald Green
Juaquin Hawkins,Jeff Green
Brendan Haywood,Willie Green
Alan Henderson,Blake Griffin
Grant Hill,Hamed Haddadi
Tyrone Hill,Jordan Hamilton
Fred Hoiberg,Richard Hamilton
Robert Horry,Ben Hansbrough
Eddie House,Tyler Hansbrough
Allan Houston,James Harden
Juwan Howard,Maurice Harkless
Troy Hudson,Josh Harrellson
Nate Huffman,Al Harrington
Larry Hughes,Devin Harris
Ryan Humphrey,Terrel Harris
Lindsey Hunter,Tobias Harris
Steven Hunter,Udonis Haslem
Zydrunas Ilgauskas,Spencer Hawes
Allen Iverson,Chuck Hayes
Bobby Jackson,Gordon Hayward
Jermaine Jackson,Lazar Hayward
Jim Jackson,Brendan Haywood
Marc Jackson,Gerald Henderson
Mark Jackson,Xavier Henry
Stephen Jackson,John Henson
Casey Jacobsen,Roy Hibbert
Jerome James,J.J. Hickson
Mike James,Cory Higgins
Antawn Jamison,George Hill
Marko Jaric,Grant Hill
Chris Jefferies,Jordan Hill
Richard Jefferson,Kirk Hinrich
Jared Jeffries,Jrue Holiday
Anthony Johnson,Justin Holiday
Avery Johnson,Ryan Hollins
Ervin Johnson,Tyler Honeycutt
Joe Johnson,Al Horford
Ken Johnson,Dwight Howard
Damon Jones,Josh Howard
Eddie Jones,Juwan Howard
Fred Jones,Kris Humphries
Jumaine Jones,Serge Ibaka
Popeye Jones,Andre Iguodala
Michael Jordan,Ersan Ilyasova
Shawn Kemp,Kyrie Irving
Steve Kerr,Royal Ivey
Jason Kidd,Jarrett Jack
Andrei Kirilenko,Reggie Jackson
Kerry Kittles,Stephen Jackson
Brevin Knight,Bernard James
Travis Knight,Damion James
Toni Kukoc,LeBron James
Raef LaFrentz,Mike James
Christian Laettner,Antawn Jamison
Sean Lampley,Al Jefferson
Dan Langhi,Richard Jefferson
Voshon Lenard,Jared Jeffries
Rashard Lewis,Charles Jenkins
Randy Livingston,John Jenkins
Art Long,Brandon Jennings
Grant Long,Jonas Jerebko
Tyronn Lue,Amir Johnson
George Lynch,Chris Johnson
Todd MacCulloch,Chris Johnson
Tito Maddox,Ivan Johnson
Mark Madsen,James Johnson
Corey Maggette,Joe Johnson
Jamaal Magloire,Orlando Johnson
Karl Malone,Wesley Johnson
Matt Maloney,Darius Johnson-Odom
Danny Manning,Dahntay Jones
Stephon Marbury,DeQuan Jones
Shawn Marion,Dominique Jones
Sean Marks,James Jones
Donny Marshall,Kevin Jones
Donyell Marshall,Perry Jones
Kenyon Martin,Solomon Jones
Jamal Mashburn,Terrence Jones
Anthony Mason,DeAndre Jordan
Desmond Mason,Cory Joseph
Roger Mason,Kris Joseph
Tony Massenburg,Chris Kaman
Walter McCarty,Jason Kidd
Amal McCaskill,Michael Kidd-Gilchrist
Jelani McCoy,Andrei Kirilenko
Tracy McGrady,Linas Kleiza
Jeff McInnis,Brandon Knight
Aaron McKie,Kyle Korver
Slava Medvedenko,Kosta Koufos
Bateer Mengke,Viacheslav Kravtsov
Ron Mercer,Doron Lamb
Chris Mihm,Jeremy Lamb
Darius Miles,Carl Landry
Andre Miller,Ty Lawson
Brad Miller,Courtney Lee
Mike Miller,David Lee
Reggie Miller,Malcolm Lee
Chris Mills,Kawhi Leonard
Yao Ming,Meyers Leonard
Cuttino Mobley,Jon Leuer
Nazr Mohammed,Rashard Lewis
Jerome Moiso,DeAndre Liggins
Mikki Moore,Damian Lillard
Terence Morris,Jeremy Lin
Troy Murphy,Shaun Livingston
Flip Murray,Brook Lopez
Tracy Murray,Robin Lopez
Dikembe Mutombo,Kevin Love
Mamadou N'Diaye,Kyle Lowry
Bostjan Nachbar,John Lucas
Lee Nailon,Scott Machado
Eduardo Najera,Shelvin Mack
Steve Nash,Corey Maggette
Maybyner Nene,Ian Mahinmi
Rasho Nesterovic,Shawn Marion
Ira Newble,Kendall Marshall
Moochie Norris,Cartier Martin
Dirk Nowitzki,Kenyon Martin
Jermaine O'Neal,Kevin Martin
Shaquille O'Neal,Roger Mason
Charles Oakley,Wesley Matthews
Lamar Odom,Jason Maxiell
Mehmet Okur,Eric Maynor
Dean Oliver,O.J. Mayo
Kevin Ollie,Luc Mbah a Moute
Michael Olowokandi,JaVale McGee
Greg Ostertag,Dominic McGuire
Bo Outlaw,Josh McRoberts
Chris Owens,Jodie Meeks
Olumide Oyedeji,Fab Melo
Robert Pack,Khris Middleton
Scott Padgett,C.J. Miles
Milt Palacio,Darko Milicic
Jannero Pargo,Andre Miller
Smush Parker,Darius Miller
Tony Parker,Mike Miller
Cherokee Parks,Quincy Miller
Ruben Patterson,Patty Mills
Gary Payton,Paul Millsap
Anthony Peeler,Nazr Mohammed
Wesley Person,Greg Monroe
Morris Peterson,E'Twaun Moore
Eric Piatkowski,Darius Morris
Paul Pierce,Marcus Morris
Scottie Pippen,Markieff Morris
Scot Pollard,Anthony Morrow
James Posey,Donatas Motiejunas
Lavor Postell,Arnett Moultrie
Vitaly Potapenko,Timofey Mozgov
Tayshaun Prince,Byron Mullens
Joel Przybilla,Kevin Murphy
Vladimir Radmanovic,Troy Murphy
Igor Rakocevic,Steve Nash
Zach Randolph,Gary Neal
Theo Ratliff,Jameer Nelson
Zeljko Rebraca,Maybyner Nene
Michael Redd,Andrew Nicholson
Don Reid,Joakim Noah
Efthimios Rentzias,Steve Novak
Glen Rice,Dirk Nowitzki
Jason Richardson,Jermaine O'Neal
Quentin Richardson,Kyle O'Quinn
Antoine Rigaudeau,Lamar Odom
Cliff Robinson,Tim Ohlbrecht
David Robinson,Emeka Okafor
Eddie Robinson,Daniel Orton
Glenn Robinson,Travis Outlaw
Rodney Rogers,Zaza Pachulia
Sean Rooks,Jannero Pargo
Jalen Rose,Jeremy Pargo
Malik Rose,Tony Parker
Guy Rucker,Chandler Parsons
Kareem Rush,Patrick Patterson
Bryon Russell,Chris Paul
Arvydas Sabonis,Sasha Pavlovic
John Salmons,Nikola Pekovic
Soumaila Samake,Kendrick Perkins
Jamal Sampson,Johan Petro
Pepe Sanchez,Paul Pierce
Jeryl Sasser,Mickael Pietrus
Kenny Satterfield,Dexter Pittman
Predrag Savovic,Miles Plumlee
Brian Scalabrine,Quincy Pondexter
Ansu Sesay,A.J. Price
Brian Shaw,Ronnie Price
Paul Shirley,Pablo Prigioni
Bobby Simmons,Tayshaun Prince
Brian Skinner,Joel Przybilla
Reggie Slater,Chris Quinn
Tamar Slay,Vladimir Radmanovic
Charles Cornelius Smith,Anthony Randolph
Joe Smith,Shavlik Randolph
Steve Smith,Zach Randolph
Eric Snow,J.J. Redick
Latrell Sprewell,Jason Richardson
Jerry Stackhouse,Quentin Richardson
Vladimir Stepania,Luke Ridnour
DeShawn Stevenson,Austin Rivers
Michael Stewart,Brian Roberts
John Stockton,Nate Robinson
Peja Stojakovic,Thomas Robinson
Damon Stoudamire,Rajon Rondo
Amar'e Stoudemire,Terrence Ross
Erick Strickland,Brandon Roy
Mark Strickland,Ricky Rubio
Rod Strickland,Brandon Rush
Bruno Sundov,Robert Sacre
Bob Sura,John Salmons
Stromile Swift,Samardo Samuels
Wally Szczerbiak,Larry Sanders
Mo Taylor,Luis Scola
Jason Terry,Mike Scott
Etan Thomas,Thabo Sefolosha
Kenny Thomas,Josh Selby
Kurt Thomas,Kevin Seraphin
Tim Thomas,Ramon Sessions
Jamaal Tinsley,Tornike Shengelia
Oscar Torres,Iman Shumpert
Robert Traylor,Alexey Shved
Gary Trent,Henry Sims
Jeff Trepagnier,Kyle Singler
Cezary Trybanski,Chris Singleton
Jake Tsakalidis,Donald Sloan
Nikoloz Tskitishvili,Greg Smith
Hedo Turkoglu,Ish Smith
Nick Van Exel,J.R. Smith
Keith Van Horn,Jason Smith
Jacque Vaughn,Josh Smith
Jake Voskuhl,Nolan Smith
Dajuan Wagner,Marreese Speights
Antoine Walker,Tiago Splitter
Samaki Walker,Jerry Stackhouse
Ben Wallace,Lance Stephenson
Gerald Wallace,DeShawn Stevenson
Rasheed Wallace,Greg Stiemsma
Zhizhi Wang,Julyan Stone
Charlie Ward,Amar'e Stoudemire
Earl Watson,Rodney Stuckey
Clarence Weatherspoon,Jared Sullinger
Chris Webber,DaJuan Summers
Bonzi Wells,Jeffery Taylor
Jiri Welsch,Tyshawn Taylor
David Wesley,Jeff Teague
Jahidi White,Marquis Teague
Rodney White,Mirza Teletovic
Chris Whitney,Sebastian Telfair
Chris Wilcox,Garrett Temple
Mike Wilks,Jason Terry
Aaron Williams,Hasheem Thabeet
Alvin Williams,Isaiah Thomas
Brandon Williams,Kurt Thomas
Eric Williams,Lance Thomas
Frankie Williams,Malcolm Thomas
Jason Williams,Tyrus Thomas
Jay Williams,Jason Thompson
Jerome Williams,Klay Thompson
Monty Williams,Tristan Thompson
Scott Williams,Marcus Thornton
Shammond Williams,Jamaal Tinsley
Walt Williams,Anthony Tolliver
Corliss Williamson,P.J. Tucker
Kevin Willis,Ronny Turiaf
Ruben Wolkowyski,Hedo Turkoglu
Loren Woods,Evan Turner
Qyntel Woods,Jeremy Tyler
Metta World Peace,Ekpe Udoh
Lorenzen Wright,Beno Udrih
Vincent Yarbrough,Jonas Valanciunas
,Anderson Varejao
,Jarvis Varnado
,Greivis Vasquez
,Jan Vesely
,Charlie Villanueva
,Nikola Vucevic
,Dwyane Wade
,Dion Waiters
,Kemba Walker
,John Wall
,Gerald Wallace
,Rasheed Wallace
,Luke Walton
,Hakim Warrick
,C.J. Watson
,Earl Watson
,Maalik Wayns
,Martell Webster
,David West
,Russell Westbrook
,D.J. White
,James White
,Chris Wilcox
,Damien Wilkins
,Deron Williams
,Derrick Williams
,Lou Williams
,Marvin Williams
,Mo Williams
,Reggie Williams
,Terrence Williams
,Metta World Peace
,Brandan Wright
,Chris Wright
,Dorell Wright
,Tony Wroten
,Nick Young
,Sam Young
,Thaddeus Young
,Luke Zeller
,Tyler Zeller
